<mod name="Mjölner" author="V4nJ0rDy">
    <Localization directory="loc" default="english.txt">
    </Localization>
	
	<GlobalValue id="norse" color="Color(0.70, 0.90, 0.24)" overwrite="true"/>
	
	<Melee id="mjolnir" anim_global_param="melee_mjolnir" info_id="bm_melee_mjolnir_info" based_on="tenderizer" unit="units/mods/weapons/wpn_mel_mjolnir/wpn_fps_mel_mjolnir" dlc="norse" global_value="norse" melee_damage_delay="0.2">
	    <stats min_damage="3" max_damage="8" min_damage_effect="6.65" max_damage_effect="5"/>
	    <sounds hit_gen="wp_mjolnir_hit_impact" hit_body="wp_mjolnir_hit_body" hit_air="wp_mjolnir_hit_air" equip="wp_mjolnir_equip"/>
	</Melee>
	<Sounds directory="assets/sounds">
	    <sound id="wp_mjolnir_hit_impact" path="wp_mjolnir_hit_impact.ogg" prefix="first"/>
		<sound id="wp_mjolnir_hit_body" path="wp_mjolnir_hit_body.ogg" prefix="first"/>
		<sound id="wp_mjolnir_equip" path="wp_mjolnir_equip.ogg" prefix="first"/>
		<sound id="wp_mjolnir_hit_air" path="wp_mjolnir_hit_air.ogg" prefix="first"/>
	</Sounds>			  
	<AddFiles directory="assets">
	    <cooked_physics path="units/mods/weapons/wpn_mel_mjolnir/wpn_fps_mel_mjolnir"/>
	    <model path="units/mods/weapons/wpn_mel_mjolnir/wpn_fps_mel_mjolnir"/>
		<object path="units/mods/weapons/wpn_mel_mjolnir/wpn_fps_mel_mjolnir"/>
        <unit path="units/mods/weapons/wpn_mel_mjolnir/wpn_fps_mel_mjolnir"/>
		<material_config path="units/mods/weapons/wpn_mel_mjolnir/wpn_fps_mel_mjolnir"/>
		
		<texture path="units/mods/weapons/wpn_mel_mjolnir/wpn_fps_mel_mjolnir_diff"/>
        <texture path="units/mods/weapons/wpn_mel_mjolnir/wpn_fps_mel_mjolnir_nm"/>
		
		<texture path="guis/dlcs/mods/textures/pd2/blackmarket/icons/melee_weapons/mjolnir"/>
		
		<animation path="anims/fps/melee/mjolnir/melee_start"/>
		<animation path="anims/fps/melee/mjolnir/melee_charge_var2"/>
		<animation path="anims/fps/melee/mjolnir/melee_attack_var1"/>
		<animation path="anims/fps/melee/mjolnir/melee_attack_var2"/>
		<animation path="anims/fps/melee/mjolnir/melee_attack_var3"/>
		<animation path="anims/fps/melee/mjolnir/melee_attack_var4"/>
	</AddFiles>
	
</mod>
