<?xml version="1.0"?>
<tweaks>
	<tweak version="2" name="anims/fps/fps_spawn" extension="animation_states">
		<search>
			<xml/>
			<state name="fps/melee_start"/>
			<anim name="melee_axe_start" weight="melee_axe"/>
		</search>
		<target mode="append">
			<anim name="melee_mjolnir_start" weight="melee_mjolnir"/>
		</target>
	</tweak>

	<tweak version="2" name="anims/fps/fps_spawn" extension="animation_states">
		<search>
			<xml/>
			<state name="fps/melee_charge"/>
			<anim name="melee_axe_charge_var2" weight="melee_axe * charge_lerp"/>
		</search>
		<target mode="append">
			<anim name="melee_mjolnir_idle" weight="melee_mjolnir"/>
		</target>
	</tweak>

	<tweak version="2" name="anims/fps/fps_spawn" extension="animation_states">
		<search>
			<xml/>
			<state name="fps/melee_attack"/>
			<anim name="melee_axe_attack_var1" weight="melee_axe * var1"/>
		</search>
		<target mode="append">
			<anim name="melee_mjolnir_attack_var1" weight="melee_mjolnir"/>
		</target>
	</tweak>
	
	<tweak version="2" name="anims/fps/fps_spawn" extension="animation_states">
		<search>
			<xml/>
			<state name="fps/melee_attack"/>
			<anim name="melee_axe_attack_var2" weight="melee_axe * var2"/>
		</search>
		<target mode="append">
			<anim name="melee_mjolnir_attack_var2" weight="melee_mjolnir"/>
		</target>
	</tweak>
	
	<tweak version="2" name="anims/fps/fps_spawn" extension="animation_states">
		<search>
			<xml/>
			<state name="fps/melee_attack"/>
			<anim name="melee_axe_attack_var3" weight="melee_axe * var3"/>
		</search>
		<target mode="append">
			<anim name="melee_mjolnir_attack_var3" weight="melee_mjolnir"/>
		</target>
	</tweak>
		
	<tweak version="2" name="anims/fps/fps_spawn" extension="animation_states">
		<search>
			<xml/>
			<state name="fps/melee_attack"/>
			<anim name="melee_axe_attack_var4" weight="melee_axe * var4"/>
		</search>
		<target mode="append">
			<anim name="melee_mjolnir_attack_var4" weight="melee_mjolnir"/>
		</target>
	</tweak>
</tweaks>