<?xml version="1.0"?>
<tweaks>
	<tweak version="2" name="anims/fps/fps_spawn" extension="animation_subset">
		<search>
			<xml/>
		</search>

		<target mode="attach">
			<anim name="melee_mjolnir_start"	    file="anims/fps/melee/mjolnir/melee_start" blend_set="all"/>
			<anim name="melee_mjolnir_idle"	        file="anims/fps/melee/mjolnir/melee_charge_var2" blend_set="all"/>
			<anim name="melee_mjolnir_attack_var1"	file="anims/fps/melee/mjolnir/melee_attack_var1" blend_set="all"/>
			<anim name="melee_mjolnir_attack_var2"	file="anims/fps/melee/mjolnir/melee_attack_var2" blend_set="all"/>
			<anim name="melee_mjolnir_attack_var3"	file="anims/fps/melee/mjolnir/melee_attack_var3" blend_set="all"/>
			<anim name="melee_mjolnir_attack_var4"	file="anims/fps/melee/mjolnir/melee_attack_var4" blend_set="all"/>
		</target>
	</tweak>
</tweaks>